"";"Ecoregion";"Year";"dimension";"n";"mean_value";"sd_value";"pval";"coeff"
"1";"Adriatic Sea";1994;"MF1";33;-1,56092135920317;2,09785425683345;0,123054228599915;-0,0140682905535297
"2";"Adriatic Sea";1994;"MF2";33;0,254096371324212;0,981006957642182;0,0362764976713012;-0,0096944087453344
"3";"Adriatic Sea";1994;"MF3";33;0,901243616809636;0,863159289512859;0,242418448467026;-0,00838842812576033
"4";"Adriatic Sea";1995;"MF1";36;-1,66739220593841;1,9334151171272;0,123054228599915;-0,0140682905535297
"5";"Adriatic Sea";1995;"MF2";36;0,350864745176498;0,953072779252538;0,0362764976713012;-0,0096944087453344
"6";"Adriatic Sea";1995;"MF3";36;1,56563750848314;0,69055788256915;0,242418448467026;-0,00838842812576033
"7";"Adriatic Sea";1996;"MF1";49;-2,05434204954942;2,28152069585267;0,123054228599915;-0,0140682905535297
"8";"Adriatic Sea";1996;"MF2";49;0,244958353544571;1,02973414742273;0,0362764976713012;-0,0096944087453344
"9";"Adriatic Sea";1996;"MF3";49;1,66252762415884;0,965077961263154;0,242418448467026;-0,00838842812576033
"10";"Adriatic Sea";1997;"MF1";47;-1,56820412399292;2,38505443901713;0,123054228599915;-0,0140682905535297
"11";"Adriatic Sea";1997;"MF2";47;0,265424024918363;0,92676347398614;0,0362764976713012;-0,0096944087453344
"12";"Adriatic Sea";1997;"MF3";47;1,48706508292695;0,916016033396423;0,242418448467026;-0,00838842812576033
"13";"Adriatic Sea";1998;"MF1";28;-1,49141576816536;2,13231050957168;0,123054228599915;-0,0140682905535297
"14";"Adriatic Sea";1998;"MF2";28;0,378340217310146;0,991118117772456;0,0362764976713012;-0,0096944087453344
"15";"Adriatic Sea";1998;"MF3";28;1,40135440926669;0,895748515670119;0,242418448467026;-0,00838842812576033
"16";"Adriatic Sea";1999;"MF1";58;-1,11012252589717;2,07667890513546;0,123054228599915;-0,0140682905535297
"17";"Adriatic Sea";1999;"MF2";58;0,146240026680669;1,00741514869482;0,0362764976713012;-0,0096944087453344
"18";"Adriatic Sea";1999;"MF3";58;1,79438686924119;0,85256171553157;0,242418448467026;-0,00838842812576033
"19";"Adriatic Sea";2000;"MF1";48;-1,48711962379314;2,11837473596035;0,123054228599915;-0,0140682905535297
"20";"Adriatic Sea";2000;"MF2";48;0,131061655762958;0,765511614059631;0,0362764976713012;-0,0096944087453344
"21";"Adriatic Sea";2000;"MF3";48;1,61979231295267;0,975644353269462;0,242418448467026;-0,00838842812576033
"22";"Adriatic Sea";2001;"MF1";35;-1,33232994063143;2,19288688983382;0,123054228599915;-0,0140682905535297
"23";"Adriatic Sea";2001;"MF2";35;0,350064861668256;0,982550014876382;0,0362764976713012;-0,0096944087453344
"24";"Adriatic Sea";2001;"MF3";35;1,54455168125718;0,840946007970475;0,242418448467026;-0,00838842812576033
"25";"Adriatic Sea";2002;"MF1";56;-0,871348547620483;1,82540268297751;0,123054228599915;-0,0140682905535297
"26";"Adriatic Sea";2002;"MF2";56;0,344430131491721;0,794778051902878;0,0362764976713012;-0,0096944087453344
"27";"Adriatic Sea";2002;"MF3";56;1,69778511846495;0,825826286763794;0,242418448467026;-0,00838842812576033
"28";"Adriatic Sea";2003;"MF1";62;-1,19317377467933;2,11099378618521;0,123054228599915;-0,0140682905535297
"29";"Adriatic Sea";2003;"MF2";62;0,201250249974325;0,819946089457479;0,0362764976713012;-0,0096944087453344
"30";"Adriatic Sea";2003;"MF3";62;1,65840903991314;0,713396761390985;0,242418448467026;-0,00838842812576033
"31";"Adriatic Sea";2004;"MF1";64;-1,48115393979535;1,79436108331552;0,123054228599915;-0,0140682905535297
"32";"Adriatic Sea";2004;"MF2";64;0,294474654370654;0,692014335237155;0,0362764976713012;-0,0096944087453344
"33";"Adriatic Sea";2004;"MF3";64;1,23707558766598;0,752895387543904;0,242418448467026;-0,00838842812576033
"34";"Adriatic Sea";2005;"MF1";61;-1,3669238804193;2,15413592251963;0,123054228599915;-0,0140682905535297
"35";"Adriatic Sea";2005;"MF2";61;0,158225350425814;0,75782325376991;0,0362764976713012;-0,0096944087453344
"36";"Adriatic Sea";2005;"MF3";61;1,39735673614901;0,760580537899158;0,242418448467026;-0,00838842812576033
"37";"Adriatic Sea";2006;"MF1";51;-1,47343363626265;2,01396735144711;0,123054228599915;-0,0140682905535297
"38";"Adriatic Sea";2006;"MF2";51;0,191858749444216;0,716452139772275;0,0362764976713012;-0,0096944087453344
"39";"Adriatic Sea";2006;"MF3";51;1,4751053797319;0,699034453772615;0,242418448467026;-0,00838842812576033
"40";"Adriatic Sea";2007;"MF1";36;-2,05211130837674;1,59047423167649;0,123054228599915;-0,0140682905535297
"41";"Adriatic Sea";2007;"MF2";36;-0,190430185979763;0,793960794838523;0,0362764976713012;-0,0096944087453344
"42";"Adriatic Sea";2007;"MF3";36;1,39618483114336;0,676268011818447;0,242418448467026;-0,00838842812576033
"43";"Adriatic Sea";2008;"MF1";53;-1,33321080998182;2,08478522999863;0,123054228599915;-0,0140682905535297
"44";"Adriatic Sea";2008;"MF2";53;-0,0781549134009681;0,711216829165725;0,0362764976713012;-0,0096944087453344
"45";"Adriatic Sea";2008;"MF3";53;1,47541956377576;0,594507988144088;0,242418448467026;-0,00838842812576033
"46";"Adriatic Sea";2009;"MF1";45;-1,59927160979045;2,12959118953616;0,123054228599915;-0,0140682905535297
"47";"Adriatic Sea";2009;"MF2";45;0,144777539971694;0,841800457447276;0,0362764976713012;-0,0096944087453344
"48";"Adriatic Sea";2009;"MF3";45;1,65497327212519;0,950739497471265;0,242418448467026;-0,00838842812576033
"49";"Adriatic Sea";2010;"MF1";58;-1,93602718166298;2,06785321224077;0,123054228599915;-0,0140682905535297
"50";"Adriatic Sea";2010;"MF2";58;0,151913980973816;0,753469120950377;0,0362764976713012;-0,0096944087453344
"51";"Adriatic Sea";2010;"MF3";58;1,61586570480295;0,901137707799549;0,242418448467026;-0,00838842812576033
"52";"Adriatic Sea";2011;"MF1";56;-1,76970106211576;2,29803671876997;0,123054228599915;-0,0140682905535297
"53";"Adriatic Sea";2011;"MF2";56;0,24382396963312;0,92097054137397;0,0362764976713012;-0,0096944087453344
"54";"Adriatic Sea";2011;"MF3";56;1,17775168953644;0,753429062989334;0,242418448467026;-0,00838842812576033
"55";"Adriatic Sea";2012;"MF1";60;-2,23961121451122;2,10566562585211;0,123054228599915;-0,0140682905535297
"56";"Adriatic Sea";2012;"MF2";60;0,181829138828555;0,828553541894133;0,0362764976713012;-0,0096944087453344
"57";"Adriatic Sea";2012;"MF3";60;1,34559561641483;0,766871348133614;0,242418448467026;-0,00838842812576033
"58";"Adriatic Sea";2013;"MF1";67;-1,88415982595804;2,00671840445146;0,123054228599915;-0,0140682905535297
"59";"Adriatic Sea";2013;"MF2";67;0,164660187507605;0,830508214148114;0,0362764976713012;-0,0096944087453344
"60";"Adriatic Sea";2013;"MF3";67;1,0677283906329;0,869059465949807;0,242418448467026;-0,00838842812576033
"61";"Adriatic Sea";2014;"MF1";52;-1,66896545253095;1,91047594026236;0,123054228599915;-0,0140682905535297
"62";"Adriatic Sea";2014;"MF2";52;0,131719575237559;0,759303628646593;0,0362764976713012;-0,0096944087453344
"63";"Adriatic Sea";2014;"MF3";52;0,964224802420145;0,794109540136424;0,242418448467026;-0,00838842812576033
"64";"Adriatic Sea";2015;"MF1";56;-2,14995165444072;1,8271477363703;0,123054228599915;-0,0140682905535297
"65";"Adriatic Sea";2015;"MF2";56;0,274320328053048;0,899317946764017;0,0362764976713012;-0,0096944087453344
"66";"Adriatic Sea";2015;"MF3";56;1,10630888803728;0,886066110128577;0,242418448467026;-0,00838842812576033
"67";"Adriatic Sea";2016;"MF1";59;-1,6229186174907;1,79139866472564;0,123054228599915;-0,0140682905535297
"68";"Adriatic Sea";2016;"MF2";59;-0,000862552909538913;0,907535015718109;0,0362764976713012;-0,0096944087453344
"69";"Adriatic Sea";2016;"MF3";59;1,38870960663384;0,62287856164546;0,242418448467026;-0,00838842812576033
"70";"Adriatic Sea";2017;"MF1";8;-1,59742282815803;1,12432257126445;0,123054228599915;-0,0140682905535297
"71";"Adriatic Sea";2017;"MF2";8;-0,31676785425962;0,777316130591926;0,0362764976713012;-0,0096944087453344
"72";"Adriatic Sea";2017;"MF3";8;1,86973650836506;0,499279087853875;0,242418448467026;-0,00838842812576033
"73";"Adriatic Sea";2018;"MF1";52;-1,45510256627108;1,7974521035031;0,123054228599915;-0,0140682905535297
"74";"Adriatic Sea";2018;"MF2";52;0,356045582807052;0,921512266671778;0,0362764976713012;-0,0096944087453344
"75";"Adriatic Sea";2018;"MF3";52;1,22126325187018;0,8356613947209;0,242418448467026;-0,00838842812576033
"76";"Aegean-Levantine
Sea";1994;"MF1";20;0,27677512446361;2,08470540794784;0,397821917747981;-0,0270385124578311
"77";"Aegean-Levantine
Sea";1994;"MF2";20;0,935600128808009;1,14959592514517;0,40559707239899;0,0102964870553944
"78";"Aegean-Levantine
Sea";1994;"MF3";20;1,96032573050677;0,780401883625046;0,901142126491779;0,0015607104589512
"79";"Aegean-Levantine
Sea";1995;"MF1";6;0,659115773538324;1,9443311653235;0,397821917747981;-0,0270385124578311
"80";"Aegean-Levantine
Sea";1995;"MF2";6;0,333229492970234;1,24464846627408;0,40559707239899;0,0102964870553944
"81";"Aegean-Levantine
Sea";1995;"MF3";6;1,22396840605443;0,750832386022559;0,901142126491779;0,0015607104589512
"82";"Aegean-Levantine
Sea";1996;"MF1";10;-0,128311287944659;1,39836136548683;0,397821917747981;-0,0270385124578311
"83";"Aegean-Levantine
Sea";1996;"MF2";10;-0,0650296349351857;1,13889383026991;0,40559707239899;0,0102964870553944
"84";"Aegean-Levantine
Sea";1996;"MF3";10;2,04614192842125;0,798579843059275;0,901142126491779;0,0015607104589512
"85";"Aegean-Levantine
Sea";1997;"MF1";18;1,47345753562207;2,74588320189205;0,397821917747981;-0,0270385124578311
"86";"Aegean-Levantine
Sea";1997;"MF2";18;0,814997608232545;1,12634638697832;0,40559707239899;0,0102964870553944
"87";"Aegean-Levantine
Sea";1997;"MF3";18;1,1369794934246;1,1896149508968;0,901142126491779;0,0015607104589512
"88";"Aegean-Levantine
Sea";1998;"MF1";20;1,63483841026505;3,04775034150263;0,397821917747981;-0,0270385124578311
"89";"Aegean-Levantine
Sea";1998;"MF2";20;1,09188947373762;1,43789403446538;0,40559707239899;0,0102964870553944
"90";"Aegean-Levantine
Sea";1998;"MF3";20;1,4927435450997;0,698736018027092;0,901142126491779;0,0015607104589512
"91";"Aegean-Levantine
Sea";1999;"MF1";20;2,63799660705151;2,4866854799382;0,397821917747981;-0,0270385124578311
"92";"Aegean-Levantine
Sea";1999;"MF2";20;1,21109647443497;1,06871957950134;0,40559707239899;0,0102964870553944
"93";"Aegean-Levantine
Sea";1999;"MF3";20;1,14770062513223;0,901640961584367;0,901142126491779;0,0015607104589512
"94";"Aegean-Levantine
Sea";2000;"MF1";20;2,46762245520973;2,83796495810516;0,397821917747981;-0,0270385124578311
"95";"Aegean-Levantine
Sea";2000;"MF2";20;1,02443265249027;1,26367059588832;0,40559707239899;0,0102964870553944
"96";"Aegean-Levantine
Sea";2000;"MF3";20;1,20049249509869;0,982381974488123;0,901142126491779;0,0015607104589512
"97";"Aegean-Levantine
Sea";2001;"MF1";4;3,13272129043777;0,564414403370374;0,397821917747981;-0,0270385124578311
"98";"Aegean-Levantine
Sea";2001;"MF2";4;1,11530728318268;0,690165172064427;0,40559707239899;0,0102964870553944
"99";"Aegean-Levantine
Sea";2001;"MF3";4;0,534609734731016;0,723799534823319;0,901142126491779;0,0015607104589512
"100";"Aegean-Levantine
Sea";2003;"MF1";24;0,678636819787321;2,94225119389652;0,397821917747981;-0,0270385124578311
"101";"Aegean-Levantine
Sea";2003;"MF2";24;1,00967671336147;1,03997141015486;0,40559707239899;0,0102964870553944
"102";"Aegean-Levantine
Sea";2003;"MF3";24;1,5217247858699;0,844568722632323;0,901142126491779;0,0015607104589512
"103";"Aegean-Levantine
Sea";2004;"MF1";26;1,0161269039197;2,07694479501739;0,397821917747981;-0,0270385124578311
"104";"Aegean-Levantine
Sea";2004;"MF2";26;0,928119951951242;0,939887544172527;0,40559707239899;0,0102964870553944
"105";"Aegean-Levantine
Sea";2004;"MF3";26;1,4292108636521;0,712711502653185;0,901142126491779;0,0015607104589512
"106";"Aegean-Levantine
Sea";2005;"MF1";18;0,969095569786033;1,93028280882824;0,397821917747981;-0,0270385124578311
"107";"Aegean-Levantine
Sea";2005;"MF2";18;1,1613592565876;0,723383102411052;0,40559707239899;0,0102964870553944
"108";"Aegean-Levantine
Sea";2005;"MF3";18;1,26745826525599;0,607719117204557;0,901142126491779;0,0015607104589512
"109";"Aegean-Levantine
Sea";2006;"MF1";26;1,2808237638233;3,04331593377008;0,397821917747981;-0,0270385124578311
"110";"Aegean-Levantine
Sea";2006;"MF2";26;1,3688562302316;1,18076857284533;0,40559707239899;0,0102964870553944
"111";"Aegean-Levantine
Sea";2006;"MF3";26;1,49658715866701;0,811246071204561;0,901142126491779;0,0015607104589512
"112";"Aegean-Levantine
Sea";2008;"MF1";24;0,531329499544303;3,06478911282621;0,397821917747981;-0,0270385124578311
"113";"Aegean-Levantine
Sea";2008;"MF2";24;0,826558722616237;1,04042992428499;0,40559707239899;0,0102964870553944
"114";"Aegean-Levantine
Sea";2008;"MF3";24;1,22091796905311;1,24920331804351;0,901142126491779;0,0015607104589512
"115";"Aegean-Levantine
Sea";2013;"MF1";10;0,047540610429244;1,90619954429175;0,397821917747981;-0,0270385124578311
"116";"Aegean-Levantine
Sea";2013;"MF2";10;1,24616392028586;0,95476864559427;0,40559707239899;0,0102964870553944
"117";"Aegean-Levantine
Sea";2013;"MF3";10;1,71418070347194;0,377590154779684;0,901142126491779;0,0015607104589512
"118";"Aegean-Levantine
Sea";2014;"MF1";24;0,0414937909456957;2,5748357007448;0,397821917747981;-0,0270385124578311
"119";"Aegean-Levantine
Sea";2014;"MF2";24;0,436367199956006;1,09248399150781;0,40559707239899;0,0102964870553944
"120";"Aegean-Levantine
Sea";2014;"MF3";24;1,88132184369434;0,885040554220099;0,901142126491779;0,0015607104589512
"121";"Aegean-Levantine
Sea";2016;"MF1";24;1,30476050903812;2,68154461243931;0,397821917747981;-0,0270385124578311
"122";"Aegean-Levantine
Sea";2016;"MF2";24;0,965054347515757;0,698341701041331;0,40559707239899;0,0102964870553944
"123";"Aegean-Levantine
Sea";2016;"MF3";24;1,27525214907047;0,712137957032519;0,901142126491779;0,0015607104589512
"124";"Aegean-Levantine
Sea";2018;"MF1";22;0,907801841310436;2,17140724578822;0,397821917747981;-0,0270385124578311
"125";"Aegean-Levantine
Sea";2018;"MF2";22;0,916906866099513;1,01245415456776;0,40559707239899;0,0102964870553944
"126";"Aegean-Levantine
Sea";2018;"MF3";22;1,351128287297;0,618580623576451;0,901142126491779;0,0015607104589512
"127";"Baltic Sea";1994;"MF1";58;-1,43695310149823;1,73579724048626;0,0112642089399445;-0,0255360233446861
"128";"Baltic Sea";1994;"MF2";58;0,129423774133763;0,847367093681225;0,00374291238632257;-0,0101885588591618
"129";"Baltic Sea";1994;"MF3";58;-1,55152139461154;0,843816927936695;4,94846134037595e-11;0,0281595701538397
"130";"Baltic Sea";1995;"MF1";64;-0,914258390933745;2,09720145580087;0,0112642089399445;-0,0255360233446861
"131";"Baltic Sea";1995;"MF2";64;0,0704568384659416;0,783568940245767;0,00374291238632257;-0,0101885588591618
"132";"Baltic Sea";1995;"MF3";64;-1,67018998641405;0,785587997492428;4,94846134037595e-11;0,0281595701538397
"133";"Baltic Sea";1996;"MF1";78;-0,629037863928126;2,16026504151639;0,0112642089399445;-0,0255360233446861
"134";"Baltic Sea";1996;"MF2";78;-0,071816351990408;0,935623567711747;0,00374291238632257;-0,0101885588591618
"135";"Baltic Sea";1996;"MF3";78;-1,48695498514893;1,02772647147705;4,94846134037595e-11;0,0281595701538397
"136";"Baltic Sea";1997;"MF1";67;-1,11186827903645;2,09933446273915;0,0112642089399445;-0,0255360233446861
"137";"Baltic Sea";1997;"MF2";67;-0,00317750654803156;0,73591889029356;0,00374291238632257;-0,0101885588591618
"138";"Baltic Sea";1997;"MF3";67;-1,45377076547062;0,749681262345949;4,94846134037595e-11;0,0281595701538397
"139";"Baltic Sea";1998;"MF1";72;-1,98574664468514;2,20009583626998;0,0112642089399445;-0,0255360233446861
"140";"Baltic Sea";1998;"MF2";72;-0,0592508195735701;1,10353382217392;0,00374291238632257;-0,0101885588591618
"141";"Baltic Sea";1998;"MF3";72;-1,34524011253847;0,694154587521429;4,94846134037595e-11;0,0281595701538397
"142";"Baltic Sea";1999;"MF1";77;-0,832505982322412;2,45575981838809;0,0112642089399445;-0,0255360233446861
"143";"Baltic Sea";1999;"MF2";77;-0,204786037238694;1,18937919762486;0,00374291238632257;-0,0101885588591618
"144";"Baltic Sea";1999;"MF3";77;-1,29825160461366;1,19861739579897;4,94846134037595e-11;0,0281595701538397
"145";"Baltic Sea";2000;"MF1";73;-1,16790832043692;1,76025630890336;0,0112642089399445;-0,0255360233446861
"146";"Baltic Sea";2000;"MF2";73;-0,0739220844848296;0,700540576247201;0,00374291238632257;-0,0101885588591618
"147";"Baltic Sea";2000;"MF3";73;-1,37565273133736;1,08612814540471;4,94846134037595e-11;0,0281595701538397
"148";"Baltic Sea";2001;"MF1";73;-1,1120264817094;2,08624962391791;0,0112642089399445;-0,0255360233446861
"149";"Baltic Sea";2001;"MF2";73;-0,275644739959311;0,773209930655727;0,00374291238632257;-0,0101885588591618
"150";"Baltic Sea";2001;"MF3";73;-1,10546120088062;1,19174783083917;4,94846134037595e-11;0,0281595701538397
"151";"Baltic Sea";2002;"MF1";65;-1,36475118318958;1,56052588241672;0,0112642089399445;-0,0255360233446861
"152";"Baltic Sea";2002;"MF2";65;-0,195395326288166;0,78125561404919;0,00374291238632257;-0,0101885588591618
"153";"Baltic Sea";2002;"MF3";65;-1,11540654088588;1,01225570489128;4,94846134037595e-11;0,0281595701538397
"154";"Baltic Sea";2003;"MF1";135;-1,25721474028032;2,28061910466554;0,0112642089399445;-0,0255360233446861
"155";"Baltic Sea";2003;"MF2";135;0,0440038404368992;1,08994619897318;0,00374291238632257;-0,0101885588591618
"156";"Baltic Sea";2003;"MF3";135;-1,20220965808697;1,49645874380736;4,94846134037595e-11;0,0281595701538397
"157";"Baltic Sea";2004;"MF1";127;-1,30720590160723;1,99449140088274;0,0112642089399445;-0,0255360233446861
"158";"Baltic Sea";2004;"MF2";127;0,0757321718533703;0,908012371599105;0,00374291238632257;-0,0101885588591618
"159";"Baltic Sea";2004;"MF3";127;-1,20063740324059;1,2677788257534;4,94846134037595e-11;0,0281595701538397
"160";"Baltic Sea";2005;"MF1";138;-1,20753882917605;1,95295855504405;0,0112642089399445;-0,0255360233446861
"161";"Baltic Sea";2005;"MF2";138;-0,0296166139700561;0,971759353548924;0,00374291238632257;-0,0101885588591618
"162";"Baltic Sea";2005;"MF3";138;-1,16027559189304;1,20188411916228;4,94846134037595e-11;0,0281595701538397
"163";"Baltic Sea";2006;"MF1";134;-1,77937425326643;1,98562956725678;0,0112642089399445;-0,0255360233446861
"164";"Baltic Sea";2006;"MF2";134;0,243424498357678;0,755548820342834;0,00374291238632257;-0,0101885588591618
"165";"Baltic Sea";2006;"MF3";134;-1,18692228308259;1,20332624556165;4,94846134037595e-11;0,0281595701538397
"166";"Baltic Sea";2007;"MF1";132;-1,47120007075483;1,83632571900806;0,0112642089399445;-0,0255360233446861
"167";"Baltic Sea";2007;"MF2";132;-0,033492703605877;0,720361887591751;0,00374291238632257;-0,0101885588591618
"168";"Baltic Sea";2007;"MF3";132;-1,12671375492245;1,02472698348405;4,94846134037595e-11;0,0281595701538397
"169";"Baltic Sea";2008;"MF1";141;-0,971687743285368;1,84618886541173;0,0112642089399445;-0,0255360233446861
"170";"Baltic Sea";2008;"MF2";141;0,0192466593492354;0,730091474848758;0,00374291238632257;-0,0101885588591618
"171";"Baltic Sea";2008;"MF3";141;-1,2183229801247;0,968861136120077;4,94846134037595e-11;0,0281595701538397
"172";"Baltic Sea";2009;"MF1";126;-0,526990553478187;1,73176520246433;0,0112642089399445;-0,0255360233446861
"173";"Baltic Sea";2009;"MF2";126;-0,127151365221507;0,818017421615045;0,00374291238632257;-0,0101885588591618
"174";"Baltic Sea";2009;"MF3";126;-1,20818489456125;1,06180745895847;4,94846134037595e-11;0,0281595701538397
"175";"Baltic Sea";2010;"MF1";160;-0,973612469884036;1,98185719781175;0,0112642089399445;-0,0255360233446861
"176";"Baltic Sea";2010;"MF2";160;-0,155129251578048;0,852494206933039;0,00374291238632257;-0,0101885588591618
"177";"Baltic Sea";2010;"MF3";160;-1,22779426131994;0,997055019285539;4,94846134037595e-11;0,0281595701538397
"178";"Baltic Sea";2011;"MF1";144;-1,29888064600411;2,18610584527017;0,0112642089399445;-0,0255360233446861
"179";"Baltic Sea";2011;"MF2";144;-0,0741116965807494;0,860629232373586;0,00374291238632257;-0,0101885588591618
"180";"Baltic Sea";2011;"MF3";144;-0,886809233367801;1,58861349734448;4,94846134037595e-11;0,0281595701538397
"181";"Baltic Sea";2012;"MF1";137;-1,66864093334977;1,90062210719779;0,0112642089399445;-0,0255360233446861
"182";"Baltic Sea";2012;"MF2";137;-0,154511826755477;0,955764165207876;0,00374291238632257;-0,0101885588591618
"183";"Baltic Sea";2012;"MF3";137;-0,967161470553261;1,04506792072245;4,94846134037595e-11;0,0281595701538397
"184";"Baltic Sea";2013;"MF1";150;-1,5308856063936;1,73159519502038;0,0112642089399445;-0,0255360233446861
"185";"Baltic Sea";2013;"MF2";150;-0,0846004724557775;0,794250658331206;0,00374291238632257;-0,0101885588591618
"186";"Baltic Sea";2013;"MF3";150;-1,03671095771211;1,05814771264993;4,94846134037595e-11;0,0281595701538397
"187";"Baltic Sea";2014;"MF1";139;-1,38433483090726;1,85029590194758;0,0112642089399445;-0,0255360233446861
"188";"Baltic Sea";2014;"MF2";139;-0,296046312538016;0,858737949684234;0,00374291238632257;-0,0101885588591618
"189";"Baltic Sea";2014;"MF3";139;-0,959810153291753;0,93745892396004;4,94846134037595e-11;0,0281595701538397
"190";"Baltic Sea";2015;"MF1";142;-1,42378370661692;1,77987957900935;0,0112642089399445;-0,0255360233446861
"191";"Baltic Sea";2015;"MF2";142;-0,320068743721557;0,857599937002437;0,00374291238632257;-0,0101885588591618
"192";"Baltic Sea";2015;"MF3";142;-0,914853573954642;0,974947070615965;4,94846134037595e-11;0,0281595701538397
"193";"Baltic Sea";2016;"MF1";154;-1,72167806923587;2,16359572347685;0,0112642089399445;-0,0255360233446861
"194";"Baltic Sea";2016;"MF2";154;-0,263295734945365;0,881713932320942;0,00374291238632257;-0,0101885588591618
"195";"Baltic Sea";2016;"MF3";154;-0,888616596723833;0,922430466265827;4,94846134037595e-11;0,0281595701538397
"196";"Baltic Sea";2017;"MF1";155;-1,68255076800557;1,83948805517889;0,0112642089399445;-0,0255360233446861
"197";"Baltic Sea";2017;"MF2";155;-0,221082931065593;0,84922511619979;0,00374291238632257;-0,0101885588591618
"198";"Baltic Sea";2017;"MF3";155;-0,910295669473298;0,850635766596528;4,94846134037595e-11;0,0281595701538397
"199";"Baltic Sea";2018;"MF1";149;-1,82400426510739;1,86273721944304;0,0112642089399445;-0,0255360233446861
"200";"Baltic Sea";2018;"MF2";149;-0,228094134522435;0,821002838980965;0,00374291238632257;-0,0101885588591618
"201";"Baltic Sea";2018;"MF3";149;-0,880746362671223;0,943674092827312;4,94846134037595e-11;0,0281595701538397
"202";"Baltic Sea";2019;"MF1";139;-2,15646848625728;1,93793527074539;0,0112642089399445;-0,0255360233446861
"203";"Baltic Sea";2019;"MF2";139;-0,222645341933587;0,776454451900428;0,00374291238632257;-0,0101885588591618
"204";"Baltic Sea";2019;"MF3";139;-0,698944632605865;0,944339837057992;4,94846134037595e-11;0,0281595701538397
"205";"Bay of Biscay and
Iberian Coast";2003;"MF1";102;0,946395255054107;1,58384261239363;0,0199355644743407;0,0245572053823569
"206";"Bay of Biscay and
Iberian Coast";2003;"MF2";102;1,95302101490824;0,898804732791186;0,0368139652719533;-0,0167444361038004
"207";"Bay of Biscay and
Iberian Coast";2003;"MF3";102;0,787340503446344;0,884186549355483;0,060260222252454;0,0110606681132933
"208";"Bay of Biscay and
Iberian Coast";2004;"MF1";104;0,658744192826356;1,4485299277713;0,0199355644743407;0,0245572053823569
"209";"Bay of Biscay and
Iberian Coast";2004;"MF2";104;1,39536370514158;0,835466198558571;0,0368139652719533;-0,0167444361038004
"210";"Bay of Biscay and
Iberian Coast";2004;"MF3";104;0,519173675007048;0,78827892865935;0,060260222252454;0,0110606681132933
"211";"Bay of Biscay and
Iberian Coast";2005;"MF1";102;1,1495518516476;1,20743929348353;0,0199355644743407;0,0245572053823569
"212";"Bay of Biscay and
Iberian Coast";2005;"MF2";102;1,904732636052;0,737744199082862;0,0368139652719533;-0,0167444361038004
"213";"Bay of Biscay and
Iberian Coast";2005;"MF3";102;0,628782293151896;0,77830724639156;0,060260222252454;0,0110606681132933
"214";"Bay of Biscay and
Iberian Coast";2006;"MF1";98;0,607399949500493;1,43951287651203;0,0199355644743407;0,0245572053823569
"215";"Bay of Biscay and
Iberian Coast";2006;"MF2";98;1,6553667015967;0,775960791576907;0,0368139652719533;-0,0167444361038004
"216";"Bay of Biscay and
Iberian Coast";2006;"MF3";98;0,486273159946303;0,873332402731654;0,060260222252454;0,0110606681132933
"217";"Bay of Biscay and
Iberian Coast";2007;"MF1";104;0,773705680050256;1,50749531153616;0,0199355644743407;0,0245572053823569
"218";"Bay of Biscay and
Iberian Coast";2007;"MF2";104;1,52995676008245;0,74454628722278;0,0368139652719533;-0,0167444361038004
"219";"Bay of Biscay and
Iberian Coast";2007;"MF3";104;0,446359317183397;0,883835098327856;0,060260222252454;0,0110606681132933
"220";"Bay of Biscay and
Iberian Coast";2008;"MF1";114;0,82792490244519;1,54996479432601;0,0199355644743407;0,0245572053823569
"221";"Bay of Biscay and
Iberian Coast";2008;"MF2";114;1,42715631141927;0,742950301264493;0,0368139652719533;-0,0167444361038004
"222";"Bay of Biscay and
Iberian Coast";2008;"MF3";114;0,44702993129097;0,763847107882865;0,060260222252454;0,0110606681132933
"223";"Bay of Biscay and
Iberian Coast";2009;"MF1";112;1,2568575749698;1,4781805293123;0,0199355644743407;0,0245572053823569
"224";"Bay of Biscay and
Iberian Coast";2009;"MF2";112;1,74307206113888;0,768795317267762;0,0368139652719533;-0,0167444361038004
"225";"Bay of Biscay and
Iberian Coast";2009;"MF3";112;0,509228270947111;0,637583412002616;0,060260222252454;0,0110606681132933
"226";"Bay of Biscay and
Iberian Coast";2010;"MF1";110;1,03306710805211;1,42808933970559;0,0199355644743407;0,0245572053823569
"227";"Bay of Biscay and
Iberian Coast";2010;"MF2";110;1,64026807932033;0,891383307209447;0,0368139652719533;-0,0167444361038004
"228";"Bay of Biscay and
Iberian Coast";2010;"MF3";110;0,568711945550778;0,72167803352394;0,060260222252454;0,0110606681132933
"229";"Bay of Biscay and
Iberian Coast";2011;"MF1";118;1,100912135865;1,40377604974538;0,0199355644743407;0,0245572053823569
"230";"Bay of Biscay and
Iberian Coast";2011;"MF2";118;1,48599759786274;0,854272041664453;0,0368139652719533;-0,0167444361038004
"231";"Bay of Biscay and
Iberian Coast";2011;"MF3";118;0,638943540589922;0,872745914366649;0,060260222252454;0,0110606681132933
"232";"Bay of Biscay and
Iberian Coast";2012;"MF1";90;1,07596808061535;1,34205200169036;0,0199355644743407;0,0245572053823569
"233";"Bay of Biscay and
Iberian Coast";2012;"MF2";90;1,61873346730201;0,674969091701684;0,0368139652719533;-0,0167444361038004
"234";"Bay of Biscay and
Iberian Coast";2012;"MF3";90;0,509064583144524;0,657702100070988;0,060260222252454;0,0110606681132933
"235";"Bay of Biscay and
Iberian Coast";2013;"MF1";120;1,05151619300641;1,35118306717768;0,0199355644743407;0,0245572053823569
"236";"Bay of Biscay and
Iberian Coast";2013;"MF2";120;1,5277905698093;0,718846885922563;0,0368139652719533;-0,0167444361038004
"237";"Bay of Biscay and
Iberian Coast";2013;"MF3";120;0,530185196789265;0,839699792955067;0,060260222252454;0,0110606681132933
"238";"Bay of Biscay and
Iberian Coast";2014;"MF1";118;1,01938636927049;1,61279536381602;0,0199355644743407;0,0245572053823569
"239";"Bay of Biscay and
Iberian Coast";2014;"MF2";118;1,66662191581662;0,840103552325578;0,0368139652719533;-0,0167444361038004
"240";"Bay of Biscay and
Iberian Coast";2014;"MF3";118;0,565717326269418;1,03686398837386;0,060260222252454;0,0110606681132933
"241";"Bay of Biscay and
Iberian Coast";2015;"MF1";116;1,02437365564979;1,49766349115742;0,0199355644743407;0,0245572053823569
"242";"Bay of Biscay and
Iberian Coast";2015;"MF2";116;1,62922681597653;0,804591858511373;0,0368139652719533;-0,0167444361038004
"243";"Bay of Biscay and
Iberian Coast";2015;"MF3";116;0,688407168200136;0,925517689800534;0,060260222252454;0,0110606681132933
"244";"Bay of Biscay and
Iberian Coast";2016;"MF1";120;1,31667624148207;1,65394786359538;0,0199355644743407;0,0245572053823569
"245";"Bay of Biscay and
Iberian Coast";2016;"MF2";120;1,56592874797486;0,833435702133021;0,0368139652719533;-0,0167444361038004
"246";"Bay of Biscay and
Iberian Coast";2016;"MF3";120;0,818982875387482;1,43734313733073;0,060260222252454;0,0110606681132933
"247";"Bay of Biscay and
Iberian Coast";2017;"MF1";98;0,858975626827359;1,45643704791976;0,0199355644743407;0,0245572053823569
"248";"Bay of Biscay and
Iberian Coast";2017;"MF2";98;1,46748941004359;0,790250712040298;0,0368139652719533;-0,0167444361038004
"249";"Bay of Biscay and
Iberian Coast";2017;"MF3";98;0,671119656480133;0,858189819789783;0,060260222252454;0,0110606681132933
"250";"Bay of Biscay and
Iberian Coast";2018;"MF1";88;1,08341782484334;1,51402399116435;0,0199355644743407;0,0245572053823569
"251";"Bay of Biscay and
Iberian Coast";2018;"MF2";88;1,40725189261941;0,636009814867889;0,0368139652719533;-0,0167444361038004
"252";"Bay of Biscay and
Iberian Coast";2018;"MF3";88;0,735806761024139;0,949149092028786;0,060260222252454;0,0110606681132933
"253";"Bay of Biscay and
Iberian Coast";2019;"MF1";90;1,45069847372739;1,53012540199165;0,0199355644743407;0,0245572053823569
"254";"Bay of Biscay and
Iberian Coast";2019;"MF2";90;1,38956131982993;0,724798043398238;0,0368139652719533;-0,0167444361038004
"255";"Bay of Biscay and
Iberian Coast";2019;"MF3";90;0,758869022527451;0,96122892519304;0,060260222252454;0,0110606681132933
"256";"Celtic Seas";2003;"MF1";224;1,00835257210708;1,47293863650084;0,850402270590653;-0,0013253943842888
"257";"Celtic Seas";2003;"MF2";224;0,593709664267726;1,20782608488218;0,000117762831270427;-0,020460381972404
"258";"Celtic Seas";2003;"MF3";224;0,200099631902345;0,899458568610015;0,0211456390358882;-0,0205983916374032
"259";"Celtic Seas";2004;"MF1";209;0,869178895226058;1,47857665389755;0,850402270590653;-0,0013253943842888
"260";"Celtic Seas";2004;"MF2";209;0,751547101493774;1,04750265589927;0,000117762831270427;-0,020460381972404
"261";"Celtic Seas";2004;"MF3";209;0,12437042484497;0,855246579404689;0,0211456390358882;-0,0205983916374032
"262";"Celtic Seas";2005;"MF1";210;1,08573036654824;1,54413801090049;0,850402270590653;-0,0013253943842888
"263";"Celtic Seas";2005;"MF2";210;0,763915213134637;1,21051161339041;0,000117762831270427;-0,020460381972404
"264";"Celtic Seas";2005;"MF3";210;0,398415030738507;1,02839453178787;0,0211456390358882;-0,0205983916374032
"265";"Celtic Seas";2006;"MF1";204;1,04395043214091;1,40034833638897;0,850402270590653;-0,0013253943842888
"266";"Celtic Seas";2006;"MF2";204;0,800492659684241;1,13007056899821;0,000117762831270427;-0,020460381972404
"267";"Celtic Seas";2006;"MF3";204;0,558088046631677;1,15474550644739;0,0211456390358882;-0,0205983916374032
"268";"Celtic Seas";2007;"MF1";211;1,13120895230509;1,31214133399882;0,850402270590653;-0,0013253943842888
"269";"Celtic Seas";2007;"MF2";211;0,664002608014246;1,29221660887911;0,000117762831270427;-0,020460381972404
"270";"Celtic Seas";2007;"MF3";211;0,538831082264803;0,976509710863716;0,0211456390358882;-0,0205983916374032
"271";"Celtic Seas";2008;"MF1";211;1,3145256449799;1,35616898943884;0,850402270590653;-0,0013253943842888
"272";"Celtic Seas";2008;"MF2";211;0,692239096134583;1,23323528585963;0,000117762831270427;-0,020460381972404
"273";"Celtic Seas";2008;"MF3";211;0,305525020101967;0,930762533671847;0,0211456390358882;-0,0205983916374032
"274";"Celtic Seas";2009;"MF1";238;0,996835172799798;1,60224954661046;0,850402270590653;-0,0013253943842888
"275";"Celtic Seas";2009;"MF2";238;0,565876824011814;1,21912397430638;0,000117762831270427;-0,020460381972404
"276";"Celtic Seas";2009;"MF3";238;0,0271803803811646;0,761241319023187;0,0211456390358882;-0,0205983916374032
"277";"Celtic Seas";2010;"MF1";243;1,00480982887653;1,59989554504158;0,850402270590653;-0,0013253943842888
"278";"Celtic Seas";2010;"MF2";243;0,468592794952566;1,37394453816881;0,000117762831270427;-0,020460381972404
"279";"Celtic Seas";2010;"MF3";243;0,0235686032568484;0,871197265151767;0,0211456390358882;-0,0205983916374032
"280";"Celtic Seas";2011;"MF1";226;1,05541133824735;1,59686849985118;0,850402270590653;-0,0013253943842888
"281";"Celtic Seas";2011;"MF2";226;0,467554581352052;1,1671823905877;0,000117762831270427;-0,020460381972404
"282";"Celtic Seas";2011;"MF3";226;0,0489658678680844;0,822381234478096;0,0211456390358882;-0,0205983916374032
"283";"Celtic Seas";2012;"MF1";228;0,923256610207122;1,64673866816039;0,850402270590653;-0,0013253943842888
"284";"Celtic Seas";2012;"MF2";228;0,603694988570531;1,3263191640801;0,000117762831270427;-0,020460381972404
"285";"Celtic Seas";2012;"MF3";228;0,0442527338004067;0,816339709360799;0,0211456390358882;-0,0205983916374032
"286";"Celtic Seas";2013;"MF1";243;0,977821471406547;1,55854207005208;0,850402270590653;-0,0013253943842888
"287";"Celtic Seas";2013;"MF2";243;0,617723761964228;1,15504750022528;0,000117762831270427;-0,020460381972404
"288";"Celtic Seas";2013;"MF3";243;-0,0208513399843703;0,828909026022157;0,0211456390358882;-0,0205983916374032
"289";"Celtic Seas";2014;"MF1";232;1,05112594953276;1,67933393616845;0,850402270590653;-0,0013253943842888
"290";"Celtic Seas";2014;"MF2";232;0,52773067237994;1,32535362846019;0,000117762831270427;-0,020460381972404
"291";"Celtic Seas";2014;"MF3";232;0,0385736374749413;0,749440131040798;0,0211456390358882;-0,0205983916374032
"292";"Celtic Seas";2015;"MF1";227;0,975039982017475;1,54969268774693;0,850402270590653;-0,0013253943842888
"293";"Celtic Seas";2015;"MF2";227;0,454849367882346;1,37265606134521;0,000117762831270427;-0,020460381972404
"294";"Celtic Seas";2015;"MF3";227;0,0529499810626806;0,813932029542974;0,0211456390358882;-0,0205983916374032
"295";"Celtic Seas";2016;"MF1";210;0,681909809770369;1,28081615285461;0,850402270590653;-0,0013253943842888
"296";"Celtic Seas";2016;"MF2";210;0,445622756604889;1,26852831612026;0,000117762831270427;-0,020460381972404
"297";"Celtic Seas";2016;"MF3";210;-0,0396624248872531;0,777551802665796;0,0211456390358882;-0,0205983916374032
"298";"Celtic Seas";2017;"MF1";206;1,06451154229625;1,56757089888539;0,850402270590653;-0,0013253943842888
"299";"Celtic Seas";2017;"MF2";206;0,386937930623347;1,21417809454006;0,000117762831270427;-0,020460381972404
"300";"Celtic Seas";2017;"MF3";206;0,01599460194916;0,76562729999382;0,0211456390358882;-0,0205983916374032
"301";"Celtic Seas";2018;"MF1";238;1,18971039266619;1,5744172300917;0,850402270590653;-0,0013253943842888
"302";"Celtic Seas";2018;"MF2";238;0,506332443291478;1,17860529714282;0,000117762831270427;-0,020460381972404
"303";"Celtic Seas";2018;"MF3";238;0,123826320972966;0,840247365429247;0,0211456390358882;-0,0205983916374032
"304";"Celtic Seas";2019;"MF1";234;1,09428885403729;1,54280176702675;0,850402270590653;-0,0013253943842888
"305";"Celtic Seas";2019;"MF2";234;0,405737431193731;1,35240755656504;0,000117762831270427;-0,020460381972404
"306";"Celtic Seas";2019;"MF3";234;0,162936848433713;0,740033257475333;0,0211456390358882;-0,0205983916374032
"307";"Greater
North Sea";1997;"MF1";471;0,249778261845711;1,56550858491751;0,00115496979168208;-0,0103105913273606
"308";"Greater
North Sea";1997;"MF2";471;-0,365844059585303;1,4408031260671;0,00152241592227752;-0,0134243081030463
"309";"Greater
North Sea";1997;"MF3";471;-0,653421508074192;0,770506268476515;0,00223097824893605;0,0112415308326748
"310";"Greater
North Sea";1998;"MF1";521;0,129130563923962;1,55935524566754;0,00115496979168208;-0,0103105913273606
"311";"Greater
North Sea";1998;"MF2";521;-0,317690955242115;1,39836829424598;0,00152241592227752;-0,0134243081030463
"312";"Greater
North Sea";1998;"MF3";521;-0,611250566916098;0,749989295644455;0,00223097824893605;0,0112415308326748
"313";"Greater
North Sea";1999;"MF1";588;0,134622790504545;1,44146437194582;0,00115496979168208;-0,0103105913273606
"314";"Greater
North Sea";1999;"MF2";588;-0,23532065868052;1,21543687144758;0,00152241592227752;-0,0134243081030463
"315";"Greater
North Sea";1999;"MF3";588;-0,698659931265436;0,66725886095334;0,00223097824893605;0,0112415308326748
"316";"Greater
North Sea";2000;"MF1";577;0,197313994272526;1,48053002546437;0,00115496979168208;-0,0103105913273606
"317";"Greater
North Sea";2000;"MF2";577;-0,315211007347594;1,247980849024;0,00152241592227752;-0,0134243081030463
"318";"Greater
North Sea";2000;"MF3";577;-0,68278582121846;0,819464128748655;0,00223097824893605;0,0112415308326748
"319";"Greater
North Sea";2001;"MF1";628;0,133920720044596;1,53267278622578;0,00115496979168208;-0,0103105913273606
"320";"Greater
North Sea";2001;"MF2";628;-0,25838177881897;1,19896186502967;0,00152241592227752;-0,0134243081030463
"321";"Greater
North Sea";2001;"MF3";628;-0,731297747565344;0,674450455061807;0,00223097824893605;0,0112415308326748
"322";"Greater
North Sea";2002;"MF1";647;0,308111475403507;1,41719428946202;0,00115496979168208;-0,0103105913273606
"323";"Greater
North Sea";2002;"MF2";647;-0,475652868988364;1,27807882677931;0,00152241592227752;-0,0134243081030463
"324";"Greater
North Sea";2002;"MF3";647;-0,61225879051241;0,763741371283475;0,00223097824893605;0,0112415308326748
"325";"Greater
North Sea";2003;"MF1";647;0,060586466087502;1,52169761001296;0,00115496979168208;-0,0103105913273606
"326";"Greater
North Sea";2003;"MF2";647;-0,465749786166128;1,26475075180763;0,00152241592227752;-0,0134243081030463
"327";"Greater
North Sea";2003;"MF3";647;-0,584646176991574;0,684400691632564;0,00223097824893605;0,0112415308326748
"328";"Greater
North Sea";2004;"MF1";708;0,2229916107354;1,5154235662047;0,00115496979168208;-0,0103105913273606
"329";"Greater
North Sea";2004;"MF2";708;-0,407442251390734;1,24424957545304;0,00152241592227752;-0,0134243081030463
"330";"Greater
North Sea";2004;"MF3";708;-0,532599436773457;0,70598238482239;0,00223097824893605;0,0112415308326748
"331";"Greater
North Sea";2005;"MF1";720;0,176010070201218;1,5923601101806;0,00115496979168208;-0,0103105913273606
"332";"Greater
North Sea";2005;"MF2";720;-0,453531595871425;1,43694188641546;0,00152241592227752;-0,0134243081030463
"333";"Greater
North Sea";2005;"MF3";720;-0,410363494749954;0,795718828673385;0,00223097824893605;0,0112415308326748
"334";"Greater
North Sea";2006;"MF1";696;0,20216280115708;1,55904461080427;0,00115496979168208;-0,0103105913273606
"335";"Greater
North Sea";2006;"MF2";696;-0,431953208203915;1,37616582335471;0,00152241592227752;-0,0134243081030463
"336";"Greater
North Sea";2006;"MF3";696;-0,291519218372574;0,789730194580917;0,00223097824893605;0,0112415308326748
"337";"Greater
North Sea";2007;"MF1";685;0,256623251574925;1,48731596439056;0,00115496979168208;-0,0103105913273606
"338";"Greater
North Sea";2007;"MF2";685;-0,39380224936006;1,33374387105714;0,00152241592227752;-0,0134243081030463
"339";"Greater
North Sea";2007;"MF3";685;-0,328264146312142;0,843625067749157;0,00223097824893605;0,0112415308326748
"340";"Greater
North Sea";2008;"MF1";696;0,310718463124537;1,47155512317068;0,00115496979168208;-0,0103105913273606
"341";"Greater
North Sea";2008;"MF2";696;-0,55876860091149;1,43313758523625;0,00152241592227752;-0,0134243081030463
"342";"Greater
North Sea";2008;"MF3";696;-0,355120041096612;0,794068034382338;0,00223097824893605;0,0112415308326748
"343";"Greater
North Sea";2009;"MF1";678;0,177858227003983;1,4729703806957;0,00115496979168208;-0,0103105913273606
"344";"Greater
North Sea";2009;"MF2";678;-0,735563662466371;1,44558542385361;0,00152241592227752;-0,0134243081030463
"345";"Greater
North Sea";2009;"MF3";678;-0,427145563620082;0,718352461715413;0,00223097824893605;0,0112415308326748
"346";"Greater
North Sea";2010;"MF1";701;0,0269107869272338;1,57619658830862;0,00115496979168208;-0,0103105913273606
"347";"Greater
North Sea";2010;"MF2";701;-0,568629699034841;1,37627285625438;0,00152241592227752;-0,0134243081030463
"348";"Greater
North Sea";2010;"MF3";701;-0,484115034747183;0,853149673436956;0,00223097824893605;0,0112415308326748
"349";"Greater
North Sea";2011;"MF1";692;0,129065076401317;1,57461802691588;0,00115496979168208;-0,0103105913273606
"350";"Greater
North Sea";2011;"MF2";692;-0,682994582529237;1,34666094398034;0,00152241592227752;-0,0134243081030463
"351";"Greater
North Sea";2011;"MF3";692;-0,433850194688206;0,832265693266182;0,00223097824893605;0,0112415308326748
"352";"Greater
North Sea";2012;"MF1";687;0,114519167311435;1,49608203131586;0,00115496979168208;-0,0103105913273606
"353";"Greater
North Sea";2012;"MF2";687;-0,716854835971428;1,43857295237211;0,00152241592227752;-0,0134243081030463
"354";"Greater
North Sea";2012;"MF3";687;-0,345633115060713;0,939073818541094;0,00223097824893605;0,0112415308326748
"355";"Greater
North Sea";2013;"MF1";689;0,137552333556886;1,59464036216464;0,00115496979168208;-0,0103105913273606
"356";"Greater
North Sea";2013;"MF2";689;-0,745900190556721;1,47817788872324;0,00152241592227752;-0,0134243081030463
"357";"Greater
North Sea";2013;"MF3";689;-0,378781919067627;1,04863804556783;0,00223097824893605;0,0112415308326748
"358";"Greater
North Sea";2014;"MF1";623;0,0555021299138768;1,4872368125219;0,00115496979168208;-0,0103105913273606
"359";"Greater
North Sea";2014;"MF2";623;-0,566076629732403;1,36440219208507;0,00152241592227752;-0,0134243081030463
"360";"Greater
North Sea";2014;"MF3";623;-0,398437415054978;0,886443637940184;0,00223097824893605;0,0112415308326748
"361";"Greater
North Sea";2015;"MF1";699;-0,0351012001885294;1,49672716959938;0,00115496979168208;-0,0103105913273606
"362";"Greater
North Sea";2015;"MF2";699;-0,493397055360919;1,41606159111974;0,00152241592227752;-0,0134243081030463
"363";"Greater
North Sea";2015;"MF3";699;-0,48467957294841;0,830162993186795;0,00223097824893605;0,0112415308326748
"364";"Greater
North Sea";2016;"MF1";694;0,0393920775209048;1,43297764694706;0,00115496979168208;-0,0103105913273606
"365";"Greater
North Sea";2016;"MF2";694;-0,584938395593528;1,37784158398945;0,00152241592227752;-0,0134243081030463
"366";"Greater
North Sea";2016;"MF3";694;-0,473083843458231;0,722528679189194;0,00223097824893605;0,0112415308326748
"367";"Greater
North Sea";2017;"MF1";701;0,131665326486497;1,4515233141695;0,00115496979168208;-0,0103105913273606
"368";"Greater
North Sea";2017;"MF2";701;-0,421065389630674;1,38263140039474;0,00152241592227752;-0,0134243081030463
"369";"Greater
North Sea";2017;"MF3";701;-0,519465526755951;0,823654813123822;0,00223097824893605;0,0112415308326748
"370";"Greater
North Sea";2018;"MF1";693;-0,05355508343836;1,61028538544274;0,00115496979168208;-0,0103105913273606
"371";"Greater
North Sea";2018;"MF2";693;-0,58488089449902;1,49812109259709;0,00152241592227752;-0,0134243081030463
"372";"Greater
North Sea";2018;"MF3";693;-0,436081145958261;0,754516314211975;0,00223097824893605;0,0112415308326748
"373";"Greater
North Sea";2019;"MF1";691;-0,113812233985325;1,58153264512825;0,00115496979168208;-0,0103105913273606
"374";"Greater
North Sea";2019;"MF2";691;-0,452609833032547;1,4184405948461;0,00152241592227752;-0,0134243081030463
"375";"Greater
North Sea";2019;"MF3";691;-0,462288723641521;0,907512966036069;0,00223097824893605;0,0112415308326748
"376";"Ionian Sea and
Central Med. Sea";1994;"MF1";34;0,795197955662137;2,46193665495722;0,336349361750984;0,0149547052488353
"377";"Ionian Sea and
Central Med. Sea";1994;"MF2";34;0,541104063983022;1,26478538923224;0,63763396007686;0,00210581565298606
"378";"Ionian Sea and
Central Med. Sea";1994;"MF3";34;0,713431275868638;1,33591452058377;0,34060448929618;0,00732388846147501
"379";"Ionian Sea and
Central Med. Sea";1995;"MF1";33;-0,420685859712186;1,78875961707565;0,336349361750984;0,0149547052488353
"380";"Ionian Sea and
Central Med. Sea";1995;"MF2";33;0,754464805069038;1,31737534365829;0,63763396007686;0,00210581565298606
"381";"Ionian Sea and
Central Med. Sea";1995;"MF3";33;1,72216562808304;0,961820027979533;0,34060448929618;0,00732388846147501
"382";"Ionian Sea and
Central Med. Sea";1996;"MF1";36;-1,00926586566758;2,13487385900285;0,336349361750984;0,0149547052488353
"383";"Ionian Sea and
Central Med. Sea";1996;"MF2";36;0,580433921750926;1,1135911417796;0,63763396007686;0,00210581565298606
"384";"Ionian Sea and
Central Med. Sea";1996;"MF3";36;1,64162620240425;0,834626960311601;0,34060448929618;0,00732388846147501
"385";"Ionian Sea and
Central Med. Sea";1997;"MF1";40;-1,02733282371446;1,92321707120828;0,336349361750984;0,0149547052488353
"386";"Ionian Sea and
Central Med. Sea";1997;"MF2";40;0,849737946721658;0,978279128629546;0,63763396007686;0,00210581565298606
"387";"Ionian Sea and
Central Med. Sea";1997;"MF3";40;1,48512672608395;0,875552182481536;0,34060448929618;0,00732388846147501
"388";"Ionian Sea and
Central Med. Sea";1998;"MF1";39;-0,631885507769367;1,96812585510936;0,336349361750984;0,0149547052488353
"389";"Ionian Sea and
Central Med. Sea";1998;"MF2";39;0,727094309650924;1,19344143846028;0,63763396007686;0,00210581565298606
"390";"Ionian Sea and
Central Med. Sea";1998;"MF3";39;1,81011820594362;0,799940998273649;0,34060448929618;0,00732388846147501
"391";"Ionian Sea and
Central Med. Sea";1999;"MF1";39;-0,550855464284981;1,77175461012488;0,336349361750984;0,0149547052488353
"392";"Ionian Sea and
Central Med. Sea";1999;"MF2";39;0,471376201600141;1,04367223546946;0,63763396007686;0,00210581565298606
"393";"Ionian Sea and
Central Med. Sea";1999;"MF3";39;1,93957276115668;0,898408696858452;0,34060448929618;0,00732388846147501
"394";"Ionian Sea and
Central Med. Sea";2000;"MF1";38;0,300098719250733;1,76385217826458;0,336349361750984;0,0149547052488353
"395";"Ionian Sea and
Central Med. Sea";2000;"MF2";38;0,511023369957353;0,973074912223795;0,63763396007686;0,00210581565298606
"396";"Ionian Sea and
Central Med. Sea";2000;"MF3";38;1,8793487139286;0,819378517618633;0,34060448929618;0,00732388846147501
"397";"Ionian Sea and
Central Med. Sea";2001;"MF1";33;0,159543842464159;1,65885451303671;0,336349361750984;0,0149547052488353
"398";"Ionian Sea and
Central Med. Sea";2001;"MF2";33;0,756709740512145;1,00088957550043;0,63763396007686;0,00210581565298606
"399";"Ionian Sea and
Central Med. Sea";2001;"MF3";33;1,94370780159945;0,8022243683742;0,34060448929618;0,00732388846147501
"400";"Ionian Sea and
Central Med. Sea";2002;"MF1";16;1,08448126292863;1,84158141877513;0,336349361750984;0,0149547052488353
"401";"Ionian Sea and
Central Med. Sea";2002;"MF2";16;0,792352170211061;0,975093862732936;0,63763396007686;0,00210581565298606
"402";"Ionian Sea and
Central Med. Sea";2002;"MF3";16;1,55208180697143;0,496994577612595;0,34060448929618;0,00732388846147501
"403";"Ionian Sea and
Central Med. Sea";2003;"MF1";48;-0,107557090920268;2,29399581696108;0,336349361750984;0,0149547052488353
"404";"Ionian Sea and
Central Med. Sea";2003;"MF2";48;0,380602575748543;1,05600472294655;0,63763396007686;0,00210581565298606
"405";"Ionian Sea and
Central Med. Sea";2003;"MF3";48;1,78471082701626;0,656958696810891;0,34060448929618;0,00732388846147501
"406";"Ionian Sea and
Central Med. Sea";2004;"MF1";47;0,199401795966567;1,91037134392448;0,336349361750984;0,0149547052488353
"407";"Ionian Sea and
Central Med. Sea";2004;"MF2";47;0,463308439144984;1,01466517083169;0,63763396007686;0,00210581565298606
"408";"Ionian Sea and
Central Med. Sea";2004;"MF3";47;1,6810065771235;0,761276240663504;0,34060448929618;0,00732388846147501
"409";"Ionian Sea and
Central Med. Sea";2005;"MF1";48;0,397430707851607;2,04619396739736;0,336349361750984;0,0149547052488353
"410";"Ionian Sea and
Central Med. Sea";2005;"MF2";48;0,625853688938603;0,817167034885966;0,63763396007686;0,00210581565298606
"411";"Ionian Sea and
Central Med. Sea";2005;"MF3";48;1,58036976330032;0,788702990782085;0,34060448929618;0,00732388846147501
"412";"Ionian Sea and
Central Med. Sea";2006;"MF1";44;-0,182545880160194;2,06108335169055;0,336349361750984;0,0149547052488353
"413";"Ionian Sea and
Central Med. Sea";2006;"MF2";44;0,530317973041738;0,935689950731407;0,63763396007686;0,00210581565298606
"414";"Ionian Sea and
Central Med. Sea";2006;"MF3";44;1,75961359211256;0,931688135043241;0,34060448929618;0,00732388846147501
"415";"Ionian Sea and
Central Med. Sea";2007;"MF1";24;0,37960366524211;1,5245388738252;0,336349361750984;0,0149547052488353
"416";"Ionian Sea and
Central Med. Sea";2007;"MF2";24;0,750301224724022;1,04511052106096;0,63763396007686;0,00210581565298606
"417";"Ionian Sea and
Central Med. Sea";2007;"MF3";24;1,7125645021717;0,653465643813605;0,34060448929618;0,00732388846147501
"418";"Ionian Sea and
Central Med. Sea";2008;"MF1";46;0,122033141710576;1,68367733562174;0,336349361750984;0,0149547052488353
"419";"Ionian Sea and
Central Med. Sea";2008;"MF2";46;0,702061722147842;0,99033954262134;0,63763396007686;0,00210581565298606
"420";"Ionian Sea and
Central Med. Sea";2008;"MF3";46;1,8199992088743;0,616763107118918;0,34060448929618;0,00732388846147501
"421";"Ionian Sea and
Central Med. Sea";2009;"MF1";35;-0,232959491595964;1,9520469280766;0,336349361750984;0,0149547052488353
"422";"Ionian Sea and
Central Med. Sea";2009;"MF2";35;0,812814237080564;0,943417928594681;0,63763396007686;0,00210581565298606
"423";"Ionian Sea and
Central Med. Sea";2009;"MF3";35;1,92034942850207;0,702162417187437;0,34060448929618;0,00732388846147501
"424";"Ionian Sea and
Central Med. Sea";2010;"MF1";37;-0,183399953322624;2,23427924826678;0,336349361750984;0,0149547052488353
"425";"Ionian Sea and
Central Med. Sea";2010;"MF2";37;0,874584536117398;0,804116654850223;0,63763396007686;0,00210581565298606
"426";"Ionian Sea and
Central Med. Sea";2010;"MF3";37;1,82248872525045;0,96968783085207;0,34060448929618;0,00732388846147501
"427";"Ionian Sea and
Central Med. Sea";2011;"MF1";42;-0,196418809336311;1,77975474909257;0,336349361750984;0,0149547052488353
"428";"Ionian Sea and
Central Med. Sea";2011;"MF2";42;0,679271386953947;1,04975179223974;0,63763396007686;0,00210581565298606
"429";"Ionian Sea and
Central Med. Sea";2011;"MF3";42;1,64184432938274;0,615182070015659;0,34060448929618;0,00732388846147501
"430";"Ionian Sea and
Central Med. Sea";2012;"MF1";43;0,237470680686809;1,60482493715328;0,336349361750984;0,0149547052488353
"431";"Ionian Sea and
Central Med. Sea";2012;"MF2";43;0,706493712970198;0,922328147064108;0,63763396007686;0,00210581565298606
"432";"Ionian Sea and
Central Med. Sea";2012;"MF3";43;1,75144043202267;0,63225883735651;0,34060448929618;0,00732388846147501
"433";"Ionian Sea and
Central Med. Sea";2013;"MF1";40;0,383345412675783;1,61377062066419;0,336349361750984;0,0149547052488353
"434";"Ionian Sea and
Central Med. Sea";2013;"MF2";40;0,63166144854667;1,04536339706585;0,63763396007686;0,00210581565298606
"435";"Ionian Sea and
Central Med. Sea";2013;"MF3";40;1,70690324001171;0,66799711674092;0,34060448929618;0,00732388846147501
"436";"Ionian Sea and
Central Med. Sea";2014;"MF1";12;-0,634053507558496;2,02240404534525;0,336349361750984;0,0149547052488353
"437";"Ionian Sea and
Central Med. Sea";2014;"MF2";12;0,642460285598105;1,27041477128356;0,63763396007686;0,00210581565298606
"438";"Ionian Sea and
Central Med. Sea";2014;"MF3";12;1,99971496558082;0,669539336683301;0,34060448929618;0,00732388846147501
"439";"Ionian Sea and
Central Med. Sea";2015;"MF1";37;0,484310242244508;1,78187513890482;0,336349361750984;0,0149547052488353
"440";"Ionian Sea and
Central Med. Sea";2015;"MF2";37;0,564594042326894;1,06825123725962;0,63763396007686;0,00210581565298606
"441";"Ionian Sea and
Central Med. Sea";2015;"MF3";37;1,58815678663269;0,730232602598018;0,34060448929618;0,00732388846147501
"442";"Ionian Sea and
Central Med. Sea";2016;"MF1";49;-0,0692286057089717;2,00206354921029;0,336349361750984;0,0149547052488353
"443";"Ionian Sea and
Central Med. Sea";2016;"MF2";49;0,406569364227769;0,912876170142917;0,63763396007686;0,00210581565298606
"444";"Ionian Sea and
Central Med. Sea";2016;"MF3";49;1,37373450450053;0,900377123251072;0,34060448929618;0,00732388846147501
"445";"Ionian Sea and
Central Med. Sea";2018;"MF1";28;0,0836404154320109;1,57831525004775;0,336349361750984;0,0149547052488353
"446";"Ionian Sea and
Central Med. Sea";2018;"MF2";28;0,910922235064031;1,02752117787056;0,63763396007686;0,00210581565298606
"447";"Ionian Sea and
Central Med. Sea";2018;"MF3";28;1,64929135946005;0,736525044809795;0,34060448929618;0,00732388846147501
"448";"Western
Med. Sea";1994;"MF1";137;-0,312431106182737;1,97904770562702;0,0587970247320328;-0,00799352657444084
"449";"Western
Med. Sea";1994;"MF2";137;0,759971499430797;1,12585369613366;0,259516637961391;-0,00269308604631735
"450";"Western
Med. Sea";1994;"MF3";137;1,68484958665221;1,18191051404745;3,4943646916025e-05;-0,0135069589214477
"451";"Western
Med. Sea";1995;"MF1";133;-0,54513223311221;1,70891898853913;0,0587970247320328;-0,00799352657444084
"452";"Western
Med. Sea";1995;"MF2";133;0,459208680443706;1,12869708414738;0,259516637961391;-0,00269308604631735
"453";"Western
Med. Sea";1995;"MF3";133;1,83317126062926;0,960996016519417;3,4943646916025e-05;-0,0135069589214477
"454";"Western
Med. Sea";1996;"MF1";141;-0,568086697200405;1,82502939673005;0,0587970247320328;-0,00799352657444084
"455";"Western
Med. Sea";1996;"MF2";141;0,548182175687355;1,00224425628101;0,259516637961391;-0,00269308604631735
"456";"Western
Med. Sea";1996;"MF3";141;1,62160868225187;0,858719981603281;3,4943646916025e-05;-0,0135069589214477
"457";"Western
Med. Sea";1997;"MF1";135;-0,415870597702702;1,769159849097;0,0587970247320328;-0,00799352657444084
"458";"Western
Med. Sea";1997;"MF2";135;0,458861335458841;1,12163534033004;0,259516637961391;-0,00269308604631735
"459";"Western
Med. Sea";1997;"MF3";135;1,86151188461233;0,890373689885469;3,4943646916025e-05;-0,0135069589214477
"460";"Western
Med. Sea";1998;"MF1";135;-0,633398341749615;1,79086109250947;0,0587970247320328;-0,00799352657444084
"461";"Western
Med. Sea";1998;"MF2";135;0,478331859121189;1,13277400133899;0,259516637961391;-0,00269308604631735
"462";"Western
Med. Sea";1998;"MF3";135;1,7246938200311;0,738343922783442;3,4943646916025e-05;-0,0135069589214477
"463";"Western
Med. Sea";1999;"MF1";143;-0,696160801919098;1,94807278596045;0,0587970247320328;-0,00799352657444084
"464";"Western
Med. Sea";1999;"MF2";143;0,603956900145905;1,02288858731443;0,259516637961391;-0,00269308604631735
"465";"Western
Med. Sea";1999;"MF3";143;1,82538852642705;1,0801733932136;3,4943646916025e-05;-0,0135069589214477
"466";"Western
Med. Sea";2000;"MF1";148;-0,517749841996025;1,72257483582909;0,0587970247320328;-0,00799352657444084
"467";"Western
Med. Sea";2000;"MF2";148;0,494357955391071;1,06149055794729;0,259516637961391;-0,00269308604631735
"468";"Western
Med. Sea";2000;"MF3";148;1,75639761545665;0,777204621593343;3,4943646916025e-05;-0,0135069589214477
"469";"Western
Med. Sea";2001;"MF1";146;-0,501733670507139;1,60212346141874;0,0587970247320328;-0,00799352657444084
"470";"Western
Med. Sea";2001;"MF2";146;0,525094689503194;0,947447966827467;0,259516637961391;-0,00269308604631735
"471";"Western
Med. Sea";2001;"MF3";146;1,53037101165865;0,766468844456708;3,4943646916025e-05;-0,0135069589214477
"472";"Western
Med. Sea";2002;"MF1";96;-0,739734622081097;1,94198611679978;0,0587970247320328;-0,00799352657444084
"473";"Western
Med. Sea";2002;"MF2";96;0,529665006039712;1,08653009801466;0,259516637961391;-0,00269308604631735
"474";"Western
Med. Sea";2002;"MF3";96;1,62526266786723;0,895444254491318;3,4943646916025e-05;-0,0135069589214477
"475";"Western
Med. Sea";2003;"MF1";126;-0,639848424758966;1,80586064697708;0,0587970247320328;-0,00799352657444084
"476";"Western
Med. Sea";2003;"MF2";126;0,464182828858996;0,979883561005752;0,259516637961391;-0,00269308604631735
"477";"Western
Med. Sea";2003;"MF3";126;1,70351403471107;0,855317213374123;3,4943646916025e-05;-0,0135069589214477
"478";"Western
Med. Sea";2004;"MF1";137;-0,67729449432444;1,87407945609601;0,0587970247320328;-0,00799352657444084
"479";"Western
Med. Sea";2004;"MF2";137;0,618609676538059;1,05311198674026;0,259516637961391;-0,00269308604631735
"480";"Western
Med. Sea";2004;"MF3";137;1,87072398446237;1,01657044039554;3,4943646916025e-05;-0,0135069589214477
"481";"Western
Med. Sea";2005;"MF1";137;-0,601409156813547;1,78296852642511;0,0587970247320328;-0,00799352657444084
"482";"Western
Med. Sea";2005;"MF2";137;0,477376589598465;1,00230042652352;0,259516637961391;-0,00269308604631735
"483";"Western
Med. Sea";2005;"MF3";137;1,7583605218693;0,855664007446085;3,4943646916025e-05;-0,0135069589214477
"484";"Western
Med. Sea";2006;"MF1";147;-0,427035946492103;1,69880221709704;0,0587970247320328;-0,00799352657444084
"485";"Western
Med. Sea";2006;"MF2";147;0,636202118704205;0,986470843187736;0,259516637961391;-0,00269308604631735
"486";"Western
Med. Sea";2006;"MF3";147;1,70222869095462;0,888900263705626;3,4943646916025e-05;-0,0135069589214477
"487";"Western
Med. Sea";2007;"MF1";102;-0,279668589904868;1,60256821374355;0,0587970247320328;-0,00799352657444084
"488";"Western
Med. Sea";2007;"MF2";102;0,49758646126115;0,9211437701731;0,259516637961391;-0,00269308604631735
"489";"Western
Med. Sea";2007;"MF3";102;1,55911407466525;0,724575722177842;3,4943646916025e-05;-0,0135069589214477
"490";"Western
Med. Sea";2008;"MF1";137;-0,516715833081785;1,71049916423199;0,0587970247320328;-0,00799352657444084
"491";"Western
Med. Sea";2008;"MF2";137;0,513650936791209;0,958826552999127;0,259516637961391;-0,00269308604631735
"492";"Western
Med. Sea";2008;"MF3";137;1,49446083773018;0,844250300746996;3,4943646916025e-05;-0,0135069589214477
"493";"Western
Med. Sea";2009;"MF1";140;-0,364260213308613;1,65290767367998;0,0587970247320328;-0,00799352657444084
"494";"Western
Med. Sea";2009;"MF2";140;0,441282130203326;0,885395995812648;0,259516637961391;-0,00269308604631735
"495";"Western
Med. Sea";2009;"MF3";140;1,61944360615712;0,693115697211434;3,4943646916025e-05;-0,0135069589214477
"496";"Western
Med. Sea";2010;"MF1";119;-0,491647077856012;1,68619809545311;0,0587970247320328;-0,00799352657444084
"497";"Western
Med. Sea";2010;"MF2";119;0,443579681430751;0,963162214614406;0,259516637961391;-0,00269308604631735
"498";"Western
Med. Sea";2010;"MF3";119;1,58579531041761;0,711382804783395;3,4943646916025e-05;-0,0135069589214477
"499";"Western
Med. Sea";2011;"MF1";140;-0,537949940543606;1,65955297831048;0,0587970247320328;-0,00799352657444084
"500";"Western
Med. Sea";2011;"MF2";140;0,645103622973612;0,928086917282661;0,259516637961391;-0,00269308604631735
"501";"Western
Med. Sea";2011;"MF3";140;1,54435245411327;0,639674219113771;3,4943646916025e-05;-0,0135069589214477
"502";"Western
Med. Sea";2012;"MF1";147;-0,599397331874707;1,65266939223927;0,0587970247320328;-0,00799352657444084
"503";"Western
Med. Sea";2012;"MF2";147;0,399425760460085;1,06988761312354;0,259516637961391;-0,00269308604631735
"504";"Western
Med. Sea";2012;"MF3";147;1,684165544417;0,869371716920811;3,4943646916025e-05;-0,0135069589214477
"505";"Western
Med. Sea";2013;"MF1";131;-0,605485876970917;1,71997199152431;0,0587970247320328;-0,00799352657444084
"506";"Western
Med. Sea";2013;"MF2";131;0,46218546122733;0,934420554204557;0,259516637961391;-0,00269308604631735
"507";"Western
Med. Sea";2013;"MF3";131;1,53941401366723;0,68903021457499;3,4943646916025e-05;-0,0135069589214477
"508";"Western
Med. Sea";2014;"MF1";110;-0,720343590269782;1,7940970170999;0,0587970247320328;-0,00799352657444084
"509";"Western
Med. Sea";2014;"MF2";110;0,45281877147948;1,05587476556162;0,259516637961391;-0,00269308604631735
"510";"Western
Med. Sea";2014;"MF3";110;1,51322985154368;0,834717349706288;3,4943646916025e-05;-0,0135069589214477
"511";"Western
Med. Sea";2015;"MF1";139;-0,610010927455589;1,612372953397;0,0587970247320328;-0,00799352657444084
"512";"Western
Med. Sea";2015;"MF2";139;0,536331444024548;0,965773830327167;0,259516637961391;-0,00269308604631735
"513";"Western
Med. Sea";2015;"MF3";139;1,38027007958806;0,716067184071478;3,4943646916025e-05;-0,0135069589214477
"514";"Western
Med. Sea";2016;"MF1";134;-0,75289243341577;1,78172878248533;0,0587970247320328;-0,00799352657444084
"515";"Western
Med. Sea";2016;"MF2";134;0,520099817033483;0,976509924189116;0,259516637961391;-0,00269308604631735
"516";"Western
Med. Sea";2016;"MF3";134;1,52266547870007;0,645865663923077;3,4943646916025e-05;-0,0135069589214477
"517";"Western
Med. Sea";2017;"MF1";72;-0,999371449254541;1,65924372181716;0,0587970247320328;-0,00799352657444084
"518";"Western
Med. Sea";2017;"MF2";72;0,619425956505139;0,87324616989818;0,259516637961391;-0,00269308604631735
"519";"Western
Med. Sea";2017;"MF3";72;1,48020138776848;0,535146410487006;3,4943646916025e-05;-0,0135069589214477
"520";"Western
Med. Sea";2018;"MF1";134;-0,606584584261463;1,72714173914344;0,0587970247320328;-0,00799352657444084
"521";"Western
Med. Sea";2018;"MF2";134;0,434054415313335;0,890837854129898;0,259516637961391;-0,00269308604631735
"522";"Western
Med. Sea";2018;"MF3";134;1,44010811095512;0,666501659965202;3,4943646916025e-05;-0,0135069589214477
